amfi_code,tracking_error
120505,0.2319675096004632
119598,0.2838814541332667
149324,0.27917030841826745
120843,0.20642496841144062
100033,0.22869942052083106
